{
  "Component.js": 1699644687626,
  "test/integration/opaTests.qunit.js": 1699644687778,
  "test/integration/pages/RisksList.js": 1699644687810,
  "test/integration/pages/RisksObjectPage.js": 1699644687810,
  "test/integration/FirstJourney.js": 1699644687842,
  "test/testsuite.qunit.js": 1699644687738,
  "xs-app.json": 1701464188300,
  "manifest.json": 1701464188304,
  "i18n/i18n.properties": 1699883505820,
  "test/integration/FirstJourney-dbg.js": 1699644687842,
  "test/integration/FirstJourney.js.map": 1701464227405,
  "test/integration/pages/RisksList-dbg.js": 1699644687810,
  "test/integration/pages/RisksList.js.map": 1701464227403,
  "test/integration/pages/RisksObjectPage-dbg.js": 1699644687810,
  "test/integration/pages/RisksObjectPage.js.map": 1701464227342,
  "test/integration/opaTests.qunit-dbg.js": 1699644687778,
  "test/integration/opaTests.qunit.js.map": 1701464227404,
  "test/testsuite.qunit-dbg.js": 1699644687738,
  "test/testsuite.qunit.js.map": 1701464227379,
  "Component-dbg.js": 1699644687626,
  "Component.js.map": 1701464227383,
  "Component-preload.js": 1701464227489,
  "Component-preload.js.map": 1701464227489,
  "test/integration/opaTests.qunit.html": 1699644687778,
  "test/testsuite.qunit.html": 1699644687730,
  "test/flpSandbox.html": 1699644687726,
  "localService/metadata.xml": 1699644687722,
  "index.html": 1699644687626
}